GRND-001,STR8 RYPR 4-Piece 63mm Aluminum Herb Grinder - Spirit of Detroit (Gold),Grinders,10.0,,https://mjwholesale.com/products/str8-rypr-aluminum-grinder-4-piece-63mm-various-colors-1-count
GRND-002,Lookah 2-Piece Hexagonal Zinc Alloy Herb Grinder (50mm),Grinders,14.99,,https://www.lookah.com/grinders/grinder-43.html
GRND-003,4-Piece Rick & Morty Pattern Zinc Alloy Grinder with Kief Catcher (2in),Grinders,19.99,,https://www.lookah.com/grinders/grinder-12.html
GRND-004,4-Layer Rainbow Zinc Alloy Herb Grinder,Grinders,17.99,,https://www.lookah.com/grinders/zinc-alloy-4-layers-herb-grinder.html
GRND-005,63mm Walnut Wood + Aluminum 4-Layer Herb Grinder,Grinders,39.99,,https://www.lookah.com/grinders/grinders-90.html
GRND-006,Lookah Handheld Electric Herb Grinder,Grinders,17.99,,https://www.lookah.com/grinders/grinder-40.html
GRND-007,4-Layer Blue and White Porcelain Herb Grinder,Grinders,19.99,,https://www.lookah.com/grinders/grinders-197.html
GRND-008,3-Piece Poke Ball Herb Grinder (Pokemon-style),Grinders,19.99,,https://www.lookah.com/grinders/grinder-48.html
GRND-009,3-Piece Wheel Cap Window Herb Grinder,Grinders,30.99,,https://www.lookah.com/grinders/grinders-159.html
GRND-010,3-In-1 Portable Herb Grinder (Turquoise),Grinders,19.99,,https://www.lookah.com/grinders/grinder-56.html
GRND-011,9PCS 4-Layer Rick & Morty Herb Grinder Set (display),Grinders,99.99,,https://www.lookah.com/grinders/grinders-191.html
GRND-012,SharpStone 4-Part Aluminum CNC Herb Grinder with Filter Net,Grinders,6.52,,https://www.dhgate.com/goods/388562358.html
GRND-013,"Factory-Price Electric Tobacco Grinder, USB Charging (for Dry Herb/Bong)",Grinders,2.2,,https://uk.dhgate.com/product/factory-price-electric-tobacco-grinder-smoking/905374905.html
GRND-014,Electric Herb Grinder 50x122mm USB Rechargeable Automatic Shredder,Grinders,14.3,,https://uk.dhgate.com/product/electric-herb-grinder-50x122mm-usb-rechargeable/1061640666.html
GRND-015,LTQ Portable Electric Herb Grinder 1100mAh (Child-Lock Button),Grinders,20.19,,https://uk.dhgate.com/product/ltq-portable-electric-herb-grinder-tobacco/1069353225.html
GRND-016,Electric Herb Electronic Pen Grinder (USB),Grinders,23.31,,https://uk.dhgate.com/product/electric-herb-electronic-pen-grinder-smoking/1070555194.html
GRND-017,Yocan iShred Automatic Herb Grinder 450mAh with Glass Stash Jar,Grinders,24.22,,https://uk.dhgate.com/product/yocan-ishred-automatic-herb-grinder-450-mah/1071714204.html
GRND-018,Yocan Draco Mini Electric Herb Grinder 400mAh USB (original),Grinders,19.5,,https://uk.dhgate.com/product/original-yocan-draco-electric-herb-grinder/1053658514.html
GRND-019,New Portable Electric Grinder USB Charging (Lock Dual Control),Grinders,22.85,,https://uk.dhgate.com/product/new-portable-electric-grinder-usb-charging/1057276360.html
GRND-020,Metal T-Shape T-Handle Pollen Press Compressor (5 colors),Grinders,3.47,,https://ie.dhgate.com/product/metal-t-shape-t-handle-pollen-press-presser/1093889836.html
GRND-021,Custom Metal Grinder - 40mm (bulk promo),Grinders,6.25,,https://cannabispromotions.com/product/custom-metal-grinder-40mm/
GRND-022,4-Piece Hand Crank Aluminum Portable Herb Grinder (2.2/2.5in),Grinders,18.0,,https://dailyhighclub.com/products/4-piece-hand-crank-grinder
GRND-023,Zorkle Electric Herb Grinder 1800mAh Bead-Chain with LED (1g),Grinders,22.0,,https://roarmag.org/Electric-Herb-Grinder-Rechargeable-Battery-Powered-Handheld-b-1186907
GRND-024,Easy Grinder Clear Electric Herb Grinder (Silver),Grinders,44.99,,https://www.easygrinder.com/collections/herb-grinders
GRND-025,MunchMakers Electric Herb Grinder (customizable logo housing),Grinders,18.0,,https://www.munchmakers.com/product/electric-herb-grinder
GRND-026,Spacenight Compact Electric Herb Grinder USB (includes 2 glass jars),Grinders,39.99,,https://discreetsmoker.com/products/electric-herb-grinder-compact-for-flower-buds-usb-rechargeable-2pcs-1-7oz-glass-herb-chamber-ideal-for-everyday-carry
GRND-027,"Wholesale 4-Piece 63mm Metal Magnetic Herb Grinder, Concave Top",Grinders,3.95,,https://www.alibaba.com/product-detail/Wholesale-4-Piece-63mm-Metal-Magnetic_1600849320920.html
GRND-028,Custom 63mm 4-Piece Metal Grinder Black/White (Print or Engraving),Grinders,9.49,,https://customcannabismerch.com/products/metal-grinders
GRND-029,Santa Cruz Shredder Grinder - Large 4pc / 2.75in,Grinders,79.99,,https://www.headshop.com/collections/4-piece-grinders
GRND-030,Pulsar Metal Storage Herb Grinder (4pc),Grinders,29.99,,https://www.headshop.com/collections/4-piece-grinders
GRND-031,Ongrok Mini 4-Piece EZ Grinder (2.2in),Grinders,24.99,,https://www.headshop.com/collections/4-piece-grinders
GRND-032,GA Aluminum Grinder 4pc (Green),Grinders,24.99,,https://www.headshop.com/collections/4-piece-grinders
GRND-033,Ongrok Premium 4-Piece EZ Grinder,Grinders,39.99,,https://www.headshop.com/collections/4-piece-grinders
GRND-034,Pulsar Anodized Zinc Grinder 4pc / 2.2in / Chameleon,Grinders,15.99,,https://www.headshop.com/collections/4-piece-grinders
GRND-035,Birthday Cake 4pc / 2.5in Metal Grinder,Grinders,23.0,,https://www.headshop.com/collections/4-piece-grinders
GRND-036,Wacky Grinderz - 4pc / 2.2in / Assorted Designs (12pc display),Grinders,189.9,,https://www.headshop.com/collections/4-piece-grinders
GRND-037,Pulsar Artist Series Grinder 2.5in / 4pc (6pc display),Grinders,131.99,,https://www.headshop.com/collections/4-piece-grinders
GRND-038,Pulsar Artist Series Grinder with Side Art 4pc / 2.5in (6pc display),Grinders,179.9,,https://www.headshop.com/collections/4-piece-grinders
GRND-039,Cali Crusher O.G Grinder 4pc / 2.5in,Grinders,34.99,,https://www.headshop.com/collections/4-piece-grinders
GRND-040,Cali Crusher Homegrown 4pc Grinder,Grinders,102.99,,https://www.headshop.com/collections/4-piece-grinders
GRND-041,Wacky Fully Assortment 2in / 4pc / 12ct,Grinders,180.0,,https://www.headshop.com/collections/4-piece-grinders
GRND-042,4-Piece Zinc Alloy Iridescent Metal Grinder,Grinders,22.99,,https://www.headshop.com/collections/4-piece-grinders
GRND-043,4-Piece Tetris Design Zinc Alloy Metal Grinder,Grinders,19.99,,https://www.headshop.com/collections/4-piece-grinders
GRND-044,King Palm Flavored Hemp Rolling Papers - King Size (Blueberry/Mango/Tropical/Natural),Rolling,3.0,,https://kingpalm.com/products/flavored-hemp-rolling-papers-king-size
GRND-045,"RAW Pre-Rolled Cones - Classic 1 1/4 (32 packs of 6, 192 total)",Rolling,39.99,https://www.revaldistributor.com/cdn/shop/files/raw_cones.jpg?v=1773853796&width=1800,https://www.revaldistributor.com/products/raw-cone
GRND-046,Juicy Jay's 24-Pack 1 1/4 Flavored Rolling Papers Display (RPJJ),Rolling,30.0,,https://spswholesale.com/juicy-jays-rolling-papers/
GRND-047,RAW Organic Connoisseur 1 1/4 Papers + Tips 24-Pack Display,Rolling,35.0,,https://spswholesale.com/raw-organic-connoisseurs-rp323/
GRND-048,RAW Classic King Size Pre-Rolled Cones 109mm - 800ct,Rolling,112.0,,https://gamutpackaging.com/collections/cones-raw
GRND-049,RAW Classic Single Size Pre-Rolled Cones 70mm - 600ct,Rolling,111.0,,https://gamutpackaging.com/collections/cones-raw
GRND-050,RAW Classic 1 1/4 Size Pre-Rolled Cones 84mm - 1000ct,Rolling,140.0,,https://gamutpackaging.com/collections/cones-raw
GRND-051,RAW Classic 98 Special Pre-Rolled Cones 98mm - 1400ct,Rolling,199.0,,https://gamutpackaging.com/collections/cones-raw
GRND-052,RAW Classic King Size Pre-Rolled Backrolled Cones 109mm - 800ct,Rolling,125.0,,https://gamutpackaging.com/collections/cones-raw
GRND-053,RAW Black Classic King Size Pre-Rolled Cones 109mm - 1400ct,Rolling,214.0,,https://gamutpackaging.com/collections/cones-raw
GRND-054,Custom King Size Rolling Papers (branded booklets),Rolling,0.74,,https://cannabispromotions.com/product/full-custom-rolling-papers-king-size-4c/
GRND-055,Custom Pre-Rolled Cones with Printed Papers (bulk),Rolling,0.28,,https://cannabispromotions.com/product/pre-rolled-cones-full-custom/
GRND-056,Custom Pre-Rolled Cones King Size 109mm (bulk),Rolling,0.22,,https://cannabispromotions.com/product/pre-rolled-cones-king-size-109mm/
GRND-057,TRE House Metal Rolling Tray - Black (small/medium/large),Rolling,9.99,,https://trehouse.com/products/metal-rolling-tray-black
GRND-058,Custom Metal Rolling Tray with Magnetic Lid - Medium (10.5in x 6in),Rolling,7.29,,https://cannabispromotions.com/product/custom-metal-rolling-tray-medium-quick-print-magnetic-lid
GRND-059,Custom Metal Rolling Tray with Magnetic Lid - Small,Rolling,5.79,,https://cannabispromotions.com/product/small-custom-printed-metal-rolling-tray-quick-print-magnetic-lid/
GRND-060,Custom Aluminum Rolling Tray 11x7in / 13x9in (Qstomize),Rolling,11.0,,https://www.qstomize.com/products/metal-rolling-tray
GRND-061,Custom Photo Rolling Tray (polymer 8in x 5in),Rolling,39.99,,https://myrollingtray.com/collections/custom-rolling-trays
GRND-062,8.0mm Manual Hand-Crank Cigarette Rolling Machine (alloy + ABS),Rolling,69.99,,https://www.lookah.com/joint-rolling-machines/8.0m-hand-cranked-cigarette-rolling-machine.html
GRND-063,Cigarette Roller Machine - Hand Crank - TK1,Rolling,40.0,,https://sweetsoutherntrading.com/cigarette-roller-machine
GRND-064,Rozy King Size Pink Rolling Papers,Rolling,1.75,,https://smokea.com/products/rozy-king-size-pink-rolling-papers
GRND-065,Vibes King Size Slim Organic Hemp Rolling Papers,Rolling,2.5,,https://smokea.com/products/vibes-king-size-slim-organic-hemp-rolling-papers
GRND-066,Dogg lbs King Size Slim Blue Paisley Rolling Papers,Rolling,2.99,,https://smokea.com/products/dogg-lbs-king-size-blue-paisley-rolling-papers
GRND-067,Zig-Zag Organic Hemp King Slim Rolling Papers,Rolling,2.49,,https://smokea.com/products/zig-zag-organic-hemp-king-size-slim-rolling-papers
GRND-068,Vibes King Size Slim Hemp Rolling Papers,Rolling,2.5,,https://smokea.com/products/vibes-king-size-slim-hemp-rolling-papers
GRND-069,Tyson 2.0 x Futurola King Size Slim Rolling Papers w/ Tips,Rolling,4.25,,https://smokea.com/products/futurola-x-tyson-ranch-2-0-king-size-slim-rolling-papers-w-tips
GRND-070,TRE House King Size Slim Premium Unbleached Rolling Papers,Rolling,1.64,,https://smokea.com/products/tre-house-king-size-slim-premium-unbleached-rolling-papers
GRND-071,Zig-Zag Unbleached King Size Slim Rolling Papers,Rolling,2.49,,https://smokea.com/products/zig-zag-unbleached-king-size-slim-rolling-papers
GRND-072,TRE House King Size Slim Premium Unbleached Rolling Papers Kit,Rolling,3.99,,https://smokea.com/products/tre-house-king-size-slim-premium-unbleached-rolling-papers-kit
GRND-073,TRE House King Size Slim Premium Ultra Thin Rolling Papers,Rolling,1.64,,https://smokea.com/products/tre-house-king-size-slim-premium-ultra-thin-rolling-papers
GRND-074,TRE House King Size Slim Premium Ultra Thin Rolling Papers Kit,Rolling,3.99,,https://smokea.com/products/tre-house-king-size-slim-premium-ultra-thin-rolling-papers-kit
GRND-075,Vibes King Size Slim Rice Rolling Papers,Rolling,2.5,,https://smokea.com/products/vibes-king-size-slim-rice-rolling-papers
GRND-076,Vibes King Size Slim Ultra Thin Rolling Papers,Rolling,2.5,,https://smokea.com/products/vibes-king-size-slim-ultra-thin-rolling-papers
GRND-077,RAW King Size Slim Organic Hemp Rolling Papers 32ct (Pack of 4),Rolling,6.99,,https://www.amazon.com/King-Organic-Rolling-Papers-packs/dp/B002878DNO
GRND-078,Elements King Size Ultra Thin Rice Rolling Paper - 50 Count,Rolling,64.75,,https://highlifegoods.com/collections/rolling-paper
GRND-079,KUSH Hemp Rolling Paper - 50 Count,Rolling,39.0,,https://highlifegoods.com/collections/rolling-paper
GRND-080,Pop Papers + Tips King Size - Various Flavors 24 Pack,Rolling,59.0,,https://highlifegoods.com/collections/rolling-paper
GRND-081,Blazy Susan Pink Rolling Papers 1 1/4 - 50 Pack,Rolling,46.8,,https://highlifegoods.com/collections/rolling-paper
GRND-082,3in California Stash Jar w/ Silicone Lid - 1oz,Storage,9.99,https://highlifegoods.com/cdn/shop/files/70-30112HLG_8cad750e-dea1-409c-ab8f-01a298465c4f_1024x.jpg?v=1766011309,https://highlifegoods.com/products/1oz-glass-jar-silicone-lid-small-ca-welcome
GRND-083,Wooden Tobacco/Herb Storage Box Stash Case (handmade),Storage,62.93,,https://www.dhgate.com/product/wooden-tobacco-herb-storage-box-stash-case/1046145469.html
GRND-084,3-Pack Silicone Jar (small airtight stash),Storage,4.99,,https://dailyhighclub.com/collections/clean-store
GRND-085,Bluntman & Chronic Stash Jar (Jay and Silent Bob),Storage,13.99,,https://dailyhighclub.com/collections/clean-store
GRND-086,Buddy Christ Stash Jar (Jay and Silent Bob),Storage,13.99,,https://dailyhighclub.com/collections/clean-store
GRND-087,15 Bucks Stash Jar (Jay and Silent Bob),Storage,13.99,,https://dailyhighclub.com/collections/clean-store
GRND-088,RAW Reserva Air Tight Stash (smell-proof drawstring pouch),Storage,12.99,,https://dailyhighclub.com/collections/clean-store
GRND-089,Cloudious9 Stash9 Mini Tabletop Storage,Storage,16.0,,https://dailyhighclub.com/collections/clean-store
GRND-090,Famous X Zodiac Extract 32mm Silicone Containers - Assorted,Storage,1.49,,https://dailyhighclub.com/collections/clean-store
GRND-091,Travel Herb Grinder & Stash Jar 2-in-1,Storage,5.99,,https://dailyhighclub.com/collections/clean-store
GRND-092,Famous Design Black Glass Stash Jar,Storage,7.99,,https://dailyhighclub.com/collections/clean-store
GRND-093,BULLDOG Smell Proof Bag and Session Kit,Storage,79.9,,https://www.headshop.com/collections/4-piece-grinders
GRND-094,Covered Car Ashtray with LED Light (ABS + stainless steel),Accessories,25.59,https://ashtrayplanet.com/cdn/shop/files/covered-car-ashtray-with-led-light-01_1024x1024@2x.jpg?v=1714373747,https://ashtrayplanet.com/products/covered-car-ashtray-with-led-light
GRND-095,Debowler Ashtray with Cleaning Spike,Accessories,17.99,,https://dailyhighclub.com/collections/clean-store
GRND-096,Neonetics Tiki Bar Neon Sign (hand-blown),Accessories,299.95,,https://barsupplies.com/products/neon-sign-tiki-bar
GRND-097,Neonetics Candle Neon Sign (hand-blown),Accessories,109.95,,https://barsupplies.com/products/neon-sign-candle
GRND-098,New Electric Lighter Metal Windproof Pulse Flameless Plasma USB Rechargeable,Accessories,0.97,,https://www.dhgate.com/product/new-electric-lighter-metal-windproof-pulse/878812260.html
GRND-099,Custom USB Plasma Arc Lighter (full-color logo),Accessories,12.99,,https://cannabispromotions.com/product/custom-usb-plasma-arc-lighter/
GRND-100,Gmogad USB Rechargeable Plasma Lighter - Gradient Color LED,Accessories,6.01,,https://www.walmart.com/ip/Gmogad-USB-Rechargeable-Lighter-Windproof-Flameless-Plasma-Lighter-Electric-Arc-Lighter-Cigarettes-Candles-Camping-Hiking-BBQ-Outdoor-Survival-Gear-M/16493717425
GRND-101,Asstray Ceramic Novelty Ashtray,Accessories,6.39,,https://waterbedsnstuff.com/asstray-ceramic-ashtray
GRND-102,Custom Dabit Card 3-Piece (dab tool card),Accessories,8.49,,https://cannabispromotions.com/product/custom-dabit-card/
GRND-103,FLKR Clipper Lighter Holder Spinner,Accessories,20.0,,https://dailyhighclub.com/collections/clean-store
GRND-104,Formula 420 Cleaning Plugs (silicone),Accessories,14.99,,https://dailyhighclub.com/collections/clean-store
GRND-105,SnowTree Grinder Cleaning Solution,Accessories,7.99,,https://dailyhighclub.com/collections/clean-store
sku,name,category,base_price,image_url,listing_url
TORCH-001,2 In 1 Torch Flame Lighter Gas Insert for 902 902s Metal Refillable Butane Windproof Lighter Replacement,Accessories,6.32,,https://www.dhgate.com/product/2-in-1-torch-flame-lighter-gas-insert-for/1108883934.html
TORCH-002,2027 Fuel Lighter Gas Insert For 902 902s 912 912s Windproof Oil Tank 8 Windproof Holes Upgrade Sharp Fire Wheel Insert,Accessories,7.34,,https://www.dhgate.com/product/2027-fuel-lighter-gas-insert-for-902-902s/1109535849.html
TORCH-003,Butane Adapter With Bracket Outdoor Gas Conversion Joint Camping Stove Screw Output Nozzle,Accessories,16.67,,https://www.dhgate.com/goods/1073992783.html
TORCH-004,Butane Refill Camping Canister Gas Saver Fuel Transfer Adapter Refilling Connector,Accessories,9.81,,https://www.dhgate.com/product/butane-refill-camping-canister-gas-saver/1110553915.html
TORCH-005,Copper Nozzle Butane Refill Adapter Gas Fill Inflatable Head for Dupont L1/L2/LD Lighter Replacement Part,Accessories,4.67,,https://www.dhgate.com/goods/993313997.html
TORCH-006,Lighter Insert New Compatible With Lighters Accessories Gas/Arc Options Stainless Steel Insert Lighters Smoking Gifts,Accessories,5.18,,https://www.dhgate.com/product/lighter-insert-new-cpatible-with-lighters/1108870389.html
TORCH-007,"Premium Zorro Kerosene Lighter Inner Insert Parts - Genuine Brass & Steel, Gas/Oil Flint Grinding Wheel, for 912 915 902 Cigarette Lighters",Accessories,7.83,,https://www.dhgate.com/goods/999332024.html
TORCH-008,2025 Windproof Electronic Arc Metal Flameless USB Touch Sensor Cigarette Outdoor Portable Lighter Men's Gifts,Lighters,12.76,,https://www.dhgate.com/product/2025-windproof-electronic-arc-metal-flameless/1104984305.html
TORCH-009,Digital USB Rechargeable Dual Arc Pulse Electronic Lighter with Metal Shell and Power Display,Lighters,30.37,,https://www.dhgate.com/goods/997166645.html
TORCH-010,Dual ARC USB Lighter Rechargeable Electronic Lighters LED Screen Plasma Power Display Thunder Gadgets For Man With Package,Lighters,5.1,,https://www.dhgate.com/product/dual-arc-usb-lighter-rechargeable-electronic/799899354.html
TORCH-011,"Dual Arc Lighter - USB Rechargeable Electronic Lighter with LED Display, Windproof Plasma Lighter, Cool Gadget for Men",Lighters,4.89,,https://www.dhgate.com/goods/885123778.html
TORCH-012,New Arrival Free Shipping Torch Lighter Genuine Jobon Creative USB Charged Lighter Cylindrical,Lighters,8.11,,https://www.dhgate.com/product/new-arrival-torch-lighter-genuine-jobon-creative/450441649.html
TORCH-013,Plasma Arc USB Rechargeable Windproof Flameless Lighter Metal Red 29g,Lighters,14.98,,https://www.dhgate.com/goods/928711141.html
TORCH-014,Rechargeable USB Plasma Lighter - Windproof & Flameless (Double Arc Technology),Lighters,10.82,,https://www.dhgate.com/goods/412345287.html
TORCH-015,USB Rechargeable Double Arc Electronic Lighter with Transparent Waterproof Windproof Shell for Men,Lighters,61.58,,https://www.dhgate.com/goods/993621215.html
TORCH-016,"USB Rechargeable Dual Arc Electric Lighter, 220mAh Flameless Windproof Lighter with LED Battery Indicator, Portable Igniter for Candle Camping Fireworks",Lighters,18.07,,https://www.dhgate.com/product/usb-rechargeable-dual-arc-electric-lighter/1106733894.html
TORCH-017,USB Rechargeable Dual Arc Plasma Electric Lighter with Touch Sensing Flameless Windproof Design for Candle and Cigarette,Lighters,21.13,,https://www.dhgate.com/goods/909113864.html
TORCH-018,USB Rechargeable Electric Arc Lighter Metal Windproof Plasma BBQ Igniter with LED,Lighters,5.93,,https://www.dhgate.com/goods/926269290.html
TORCH-019,USB Rechargeable Metal Arc Ignition Plasma Lighter Windproof for Cigarettes Candle BBQ,Lighters,2.78,,https://www.dhgate.com/goods/522010945.html
TORCH-020,"Ultra-Thin USB Rechargeable Lighter - Touch Sensing, Windproof, Electric Coil, Eco-Friendly, Flameless Cigarette Lighter",Lighters,6.97,,https://www.dhgate.com/goods/503146364.html
TORCH-021,Waterproof USB Rechargeable Dual ARC Plasma Electric Lighter with Transparent Metal and Acrylic Shell Windproof Design,Lighters,17.4,,https://www.dhgate.com/goods/909509103.html
TORCH-022,"Windproof Arc Lighter - Electric Lighter for Kitchen, Candles, Cigars & Cigarettes - USB Rechargeable Plasma Lighter with LED Power Display",Lighters,5.63,,https://www.dhgate.com/goods/899224376.html
TORCH-023,"Windproof Double Arc Lighter - Electric Plasma USB Rechargeable, Touch Sensing, Metal Cigar Lighter for Men",Lighters,52.69,,https://www.dhgate.com/goods/932924578.html
TORCH-024,Windproof Dual Arc Plasma Lighter - USB Rechargeable Electric Lighter with Fingerprint Touch & LED Power Display - Perfect Men's Gift,Lighters,6.97,,https://www.dhgate.com/goods/934234213.html
TORCH-025,Windproof Electric Arc Metal Smoking Lighter Plasma Flameless Rechargeable USB Cigarette Lighter LED Digital Touch Lighters Gift,Lighters,2.07,,https://www.dhgate.com/product/windproof-electric-arc-metal-smoking-lighter/1107245052.html
TORCH-026,Windproof Kitchen Electric USB Rechargeable Dual Arc Ceramic Plasma Lighter for Candle BBQ Gas Stove Camping,Lighters,25.36,,https://www.dhgate.com/goods/1083203389.html
TORCH-027,1300C Jet Flame Torch Butane Scorch Torch Chef Cooking Windproof Refillable Picnic Butane Gas Lighter Smoking Cigar Lighter,Torches,2.37,,https://www.dhgate.com/product/1300c-jet-flame-torch-butane-scorch-torch/1072506914.html
TORCH-028,"1300C Metal Melting Butane Gas Torch for Brazing, Soldering, and Welding with Adjustable Dual Flame - Micro Culinary Torch Cigarette Cigar Lighter",Torches,14.13,,https://www.dhgate.com/goods/472663994.html
TORCH-029,1300C Metal Refillable Butane Torch Lighter Mini Windproof Jet Flames Kitchen Brulee Micro Lighters Ignizer Tools Accessories No Gas 4 Colors,Torches,4.18,,https://www.dhgate.com/product/1300-c-metal-refillable-butane-torch-lighter/1105953276.html
TORCH-030,"1300c Welding Torch Lighter, Brazing Soldering Adjustable Flame Windproof Butane Gas Lighter for Kitchen",Torches,7.26,,https://www.dhgate.com/goods/402267752.html
TORCH-031,2026 Tetrane Butane Torch Refillable Kitchen Culinary Burner For Creme Brulee Gas Flame Lighter Welding And Cooking Use Free Shipping,Torches,13.16,,https://www.dhgate.com/product/2026-tetrane-butane-torch-refillable-cologne/1109581285.html
TORCH-032,2026 Torch Jet Blue Flame Refillable Butane Gas Flintstone Lighter With Punch Cigar Accessories For Cigars Free Shipping,Torches,14.9,,https://www.dhgate.com/product/2026-torch-jet-blue-flame-refillable-cologne/1108929957.html
TORCH-033,4 Pack Butane Torch Lighter Adjustable Jet Flame Windproof Straight Fire Kitchen Cooking Outdoor BBQ Refillable Gas Flame Gun,Torches,7.0,,https://www.dhgate.com/product/4-pack-butane-torch-lighter-adjustable-jet/1105582687.html
TORCH-034,4Pc/1Pc Cool Jet Torch Lighter Refillable Windproof Design With Keychain And Flame Fixed Lock Without Butane,Torches,14.15,,https://www.dhgate.com/product/4pc-1pc-cool-jet-torch-lighter-refillable/1104967208.html
TORCH-035,5 In 1 Multi-Function Straight Jet Lighter 4 Colors Metal Inflatable No Gas Cigar Punch Holder Cutter Butane Windproof Lighters Smoking Tool Accessories,Torches,18.42,,https://www.dhgate.com/product/5-in-1-multi-function-straight-jet-lighter/1106571300.html
TORCH-036,Adjustable Jet Flame Butane Torch Lighter Refillable for Culinary Soldering Brazing Welding,Torches,6.79,,https://www.dhgate.com/goods/407851257.html
TORCH-037,Big Flame Butane Scorch Torch 1300 Jet Flame Kitchen Lighter: Refillable Butane Gas Cigarette Cigar Lighter for Dabs and Creme Brulee,Torches,12.4,,https://www.dhgate.com/goods/493943787.html
TORCH-038,Blue Flame Jet Torch Butane Lighter Zinc Alloy Windproof Straight Cigarette Lighter,Torches,3.56,,https://www.dhgate.com/goods/494043770.html
TORCH-039,Butane Gas Jet Flame Lighter Metal Windproof Torch Refillable Mini Size for Cigarette Cigar,Torches,3.01,,https://www.dhgate.com/goods/941353164.html
TORCH-040,Butane Refillable Torch Lighter Metal Jet Flame Kitchen Pen Torch for Soldering,Torches,5.85,,https://www.dhgate.com/goods/433677222.html
TORCH-041,Butane Torch for Cooking Micro Jet Lighter Kitchen Tool for Creme Brulee and Food Preparation,Torches,8.14,,https://www.dhgate.com/goods/261166599.html
TORCH-042,C251016 W260202 2 In 1 Jet Flame Windproof Creative Foldable Gun Plasma Dual Arc Butane Torch Turbo Cigar Lighter Funny Men Gift,Torches,14.41,,https://www.dhgate.com/product/2-in-1-jet-flame-windproof-creative-foldable/1093998339.html
TORCH-043,"CIGARLOONG 4 In 1 Built-In Cigar Holder Needle Punch, Refillable Butane Torch Lighter Comes In Gift Box",Torches,12.87,,https://www.dhgate.com/product/cigarloong-4-in-1-built-in-cigar-holder-needle/1098861012.html
TORCH-044,CIGARLOONG Cigar Lighter Set Dragon Caving Windproof Torch Lighter with Sharp Blade Cigar Scissors Comes in Gift Box,Torches,71.85,,https://www.dhgate.com/product/cigarloong-cigar-lighter-set-dragon-caving/1086024766.html
TORCH-045,Cigar Butane Refillable Triple Jet Torch Lighter Windproof Adjustable Flame Lighter Men Cigarette Accessories Gifts Fast Shipping,Torches,20.22,,https://www.dhgate.com/product/cigar-butane-refillable-triple-jet-torch/1106077854.html
TORCH-046,Cooking Butane Torch Refillable Kitchen Tetrane Culinary Burner Creme Brulee Blowtorch Welding Gas Flame Torch Lighter,Torches,7.59,,https://www.dhgate.com/product/cooking-butane-torch-refillable-kitchen-tetrane/547631983.html
TORCH-047,Double Flame Windproof Triple Jet Flame Torch Cigar Lighter Refillable Butane Cigarette Lighters NO Gas For Smoking Pipe Tools,Torches,3.1,,https://www.dhgate.com/product/double-flame-windproof-triple-jet-flame-torch/1108496205.html
TORCH-048,Double Flame Windproof Triple Jet Flame Torch Cigar Lighter Refillable Butane Cigarette Lighters NO Gas For Smoking Pipe Tools (Honorsmoke),Torches,3.28,,https://www.dhgate.com/product/double-flame-windproof-triple-jet-flame-torch/1108496064.html
TORCH-049,Four Torch Lighter w/Cigar Punch Windproof 4 Jet Cigarette Windproof Inflatable Gas Butane Lighters 3 Colors to Choose,Torches,8.97,,https://www.dhgate.com/product/four-torch-lighter-w-cigar-punch-windproof/1086163972.html
TORCH-050,Gas JOBON Metal Butane Lighter Outdoor Windproof Blue Flame Torch Turbo Jet Cigar BBQ Jewelry Baking Welding Home Smoking Tools,Torches,5.88,,https://www.dhgate.com/product/gas-jobon-metal-butane-lighter-outdoor-windproof/1108991361.html
TORCH-051,HONEST Dual Jet Flame Refillable Lighter for Cigars Premium Windproof Business Gift for Men Elegant Metal Cigar Accessory,Torches,6.85,,https://www.dhgate.com/product/honest-dual-jet-flame-refillable-lighter/1108992528.html
TORCH-052,High Quality Windproof Jet Flame Torch Lighter Pistol Shape Refillable Butane Gas Cigarette Cigar Lighter Smoking Pipe Tools,Torches,4.73,,https://www.dhgate.com/product/high-quality-windproof-jet-flame-torch-lighter/777162132.html
TORCH-053,Honest Cigar With Punch Cutter Butane Refillable Double Jet Flame Torch Windproof Metal Stylish Lighter for Men,Torches,17.46,,https://www.dhgate.com/product/honest-cigar-with-punch-cutter-butane-refillable/1094358518.html
TORCH-054,"Hot Kitchen Torch: 1300C Butane Scorch Torch with Welding Jet Flame, Giant Heavy Duty Refillable Micro Culinary Lighter, Self-Igniting",Torches,8.51,,https://www.dhgate.com/goods/261212791.html
TORCH-055,JOBON Jet Flame Torch Lighter Metal Windproof Butane Gas Cigarette Lighter,Torches,25.45,,https://www.dhgate.com/goods/899227074.html
TORCH-056,JOBON Metal Outdoor Windproof Butane Gas Lighter Turbine Torch Blue Flame Strong Fire Pistol Kitchen BBQ Baking Camping Tools (NO GAS),Torches,9.89,,https://www.dhgate.com/product/jobon-metal-outdoor-windproof-butane-gas/1110207053.html
TORCH-057,JOBON Zinc Alloy Strong Firepower Three Jet Flame Lighter Bottom Cigar Diamond Outdoor Portable Butane Gas Torch Lighters,Torches,12.49,,https://www.dhgate.com/product/jobon-zinc-alloy-strong-firepower-three-jet/1098693745.html
TORCH-058,JOBON1300 Windproof Blue Flame Gun Lighter One Key Fixed Flame 360 Inverted Ignition Metal Material Multifunctional Use,Torches,13.03,,https://www.dhgate.com/product/jobon1300-windproof-blue-flame-gun-lighter/1107315779.html
TORCH-059,Jet Flame Butane Torch Lighter 1300F Metal Gas Style Refillable for Kitchen Cooking BBQ,Torches,6.54,,https://www.dhgate.com/goods/236795018.html
TORCH-060,Jet Flame Butane Torch Lighter with Metal Body and Tool Knife Windproof Refillable,Torches,2.54,,https://www.dhgate.com/goods/426624453.html
TORCH-061,Jet Flame Gas Lighter 360 Degree Inverted Turbo Torch Refillable Butane Kitchen BBQ Ignition Windproof,Torches,16.09,,https://www.dhgate.com/goods/1040665968.html
TORCH-062,Jet Scorch Torch Lighter 1300C Adjustable Butane Flame Metal Kitchen Torch,Torches,6.57,,https://www.dhgate.com/goods/838033248.html
TORCH-063,Jet Torch Butane Gas Lighter with Triple Torch Flame and Acrylic Grinding Wheel Ignition,Torches,12.63,,https://www.dhgate.com/goods/987771102.html
TORCH-064,Jobon Metal Jet Flame Torch Lighter with 2 Flame Types and Grinding Wheel for Cigarette Use,Torches,6.48,,https://www.dhgate.com/goods/941353117.html
TORCH-065,Jobon Triple Torch Jet Flame Metal Refillable Windproof Lighter for Cigarette Black,Torches,8.35,,https://www.dhgate.com/goods/964013691.html
TORCH-066,Metal Mini Jet Torch Lighter Windproof with Butane Gas 61x34x11mm 70g for Cigarette Use,Torches,7.48,,https://www.dhgate.com/goods/899228168.html
TORCH-067,Metal Mini Refill Windproof Blue Jet Flame Butane Torch Lighter with Visible Gas Tank for Cigarette Use,Torches,10.98,,https://www.dhgate.com/goods/881913315.html
TORCH-068,Metal Windproof Elbow Lighter Refillable Butane Gas Torch Lighter For Cigar Cigarette BBQ Kitchen Jewelry Welding,Torches,8.62,,https://www.dhgate.com/product/new-torch-gas-gun-lighter-metal-windproof/763772082.html
TORCH-069,Micro Kitchen Lighters 1300F Jet Flame Torch Metal Culinary Blowtorch for Cooking Baking Searing Welding,Torches,8.75,,https://www.dhgate.com/goods/795193472.html
TORCH-070,"Mini Metal Windproof Refillable Butane Gas 3 Jet Flame Torch Lighter for Cigarette and Cigar, Random Color",Torches,2.8,,https://www.dhgate.com/goods/484684445.html
TORCH-071,"Mini Pistol Shaped Windproof Blue Jet Torch Lighter, Refillable Zinc Alloy Novelty Gun Lighter for Military Fans",Torches,10.17,,https://www.dhgate.com/product/mini-pistol-shaped-windproof-blue-jet-torch/1110368989.html
TORCH-072,New 1300C Butane Scorch Torch Jet Flame Lighter Kitchen Torch Giant Heavy Duty Butane Refillable Micro Culinary Torch Cigar Torches DHL Free,Torches,12.51,,https://www.dhgate.com/product/new-1300c-butane-scorch-torch-jet-flame-lighter/497525209.html
TORCH-073,New JOBON Metal Outdoor Windproof Turbine Torch Strong Fire Power Blue Flame Straight Butane Gas Lighter Gas Kitchen BBQ Welding,Torches,15.93,,https://www.dhgate.com/product/new-jobon-metal-outdoor-windproof-turbine/1114060676.html
TORCH-074,New Metal Windproof Torch Jet Lighter Refillable Adjustable Butane Gas Lighter BBQ Tools Blue Flame Ignition Tool Cigar Gadget,Torches,4.58,,https://www.dhgate.com/product/new-metal-windproof-torch-jet-lighter-refillable/1110836100.html
TORCH-075,"Premium Double Jet Flame Torch: 1300C Refillable Butane Torch, Windproof Lighter for Culinary & BBQ",Torches,11.62,,https://www.dhgate.com/goods/950854710.html
TORCH-076,"Premium Single Jet Flame Torch Lighter - Refillable Butane Design, Ideal for Cigars (Aomai AM365)",Torches,10.41,,https://www.dhgate.com/goods/728447362.html
TORCH-077,Rechargeable Torch Pistol Lighter Gun Switchable Soft / Jet Flame Gas Lighter Creative Dual Mode Lighters For Man,Torches,3.56,,https://www.dhgate.com/product/rechargeable-torch-pistol-lighter-gun-switchable/776826418.html
TORCH-078,Refillable Butane Gas Lighter Metal Jet Torch with Adjustable Flame for Welding and Kitchen Use,Torches,6.53,,https://www.dhgate.com/goods/540732201.html
TORCH-079,"Refillable Butane Torch Lighter - Jet Flame, Windproof - Ideal for Cooking, Picnic & More (1300C Scorch)",Torches,2.49,,https://www.dhgate.com/goods/718803373.html
TORCH-080,"Refillable Butane Torch Lighter - Windproof Jet Flame Soldering Welding Pencil Lighter, Adjustable Cigar Lighter - Perfect for DIY & Repairs",Torches,3.54,,https://www.dhgate.com/goods/521514180.html
TORCH-081,"Refillable Butane Torch Lighter, High Temp Windproof Red Jet Flame Blow Torch for Cigar, Moxibustion, BBQ, Welding, Camping 4 Colors Available",Torches,10.77,,https://www.dhgate.com/product/refillable-butane-torch-lighter-high-temp/1110519626.html
TORCH-082,"Refillable Butane Torch Lighter, Windproof Adjustable Jet Flame Blow Torch, Non-Slip Mini Gas Torch for Cigar Candle BBQ Camping Soldering Cooking",Torches,4.35,,https://www.dhgate.com/product/refillable-butane-torch-lighter-windproof/1110787019.html
TORCH-083,Refillable Jet Flame Torch Lighter Windproof Butane Lighter with Lock Function Adjustable Flame for Cooking BBQ Camping Welding,Torches,11.88,,https://www.dhgate.com/product/refillable-jet-flame-torch-lighter-windproof/1111557013.html
TORCH-084,"Torch Butane Jet Cigarette Windproof Lighter with 3 Torches for Cigars, Gift Box Included (No Gas)",Torches,7.29,,https://www.dhgate.com/goods/404341491.html
TORCH-085,"Transparent Gas Tank Butane Lighter, Side Slide Gear Ignition Windproof Blue Jet Flame Lighter With LED Light, Refillable Gift Lighter For Men (NO GAS)",Torches,9.17,,https://www.dhgate.com/product/transparent-gas-tank-butane-lighter-side/1109858136.html
TORCH-086,Wholesale Single Double Triple Jet Flame Butane Torch Lighter Without Gas,Torches,13.47,,https://www.dhgate.com/goods/970840821.html
TORCH-087,Windproof Metal Butane Torch Lighter Refillable for Cigarettes Mini Inflatable Jet Flame,Torches,2.51,,https://www.dhgate.com/goods/883020820.html
TORCH-088,Windproof Metal Butane Torch Lighter for Cigarettes with Blue Flame and Flint Ignition,Torches,8.21,,https://www.dhgate.com/goods/899193216.html
TORCH-089,"Windproof Torch Lighter - 1600C Butane Jet Flame, Refillable BBQ Lighter, Jewelry Making, Outdoor Cooking Tool",Torches,24.3,,https://www.dhgate.com/goods/925697375.html
TORCH-090,"Windproof Torch Lighter - Jet Flame Butane BBQ Lighter, Adjustable Flame, Refillable for Kitchen Cooking, Cigar, Welding, Gifts for Men",Torches,28.38,,https://www.dhgate.com/goods/928667190.html
TORCH-091,Xifei Cigar Lighter Torch W/ Puncher Holder Aeration Tool Needle Windproof Metal Cigar Lighter,Torches,17.4,,https://www.dhgate.com/product/xifei-cigar-lighter-torch-w-puncher-holder/1107314735.html
VAPE-001,Yocan Orbit Wax Vaporizer Pen Kit,Vaporizers,59.99,,https://www.yocanusa.com/products/yocan-orbit-vaporizer-pen
VAPE-002,Yocan Orbit Dab Pen Kit,Vaporizers,39.99,,https://harborcityhemp.com/products/yocan-orbit-dab-pen
VAPE-003,Yocan Orbit Kit 1700mAh (wholesale),Vaporizers,30.00,,https://vapewholesaleusa.com/yocan-orbit-kit
VAPE-004,Lookah Seahorse Pro Plus Electric Wax Pen,Vaporizers,53.99,,https://www.lookah.com/products/seahorse-pro-plus-nectar-collector.html
VAPE-005,Lookah Seahorse Pro 2020 Nectar Collector Kit,Vaporizers,59.99,,https://www.lookah.com/products/lookah-seahorse-pro-2020-nectar-collector-kit.html
VAPE-006,Lookah Seahorse X 3-in-1 Wax Pen,Vaporizers,149.99,,https://www.lookah.com/products/seahorse-x.html
VAPE-007,Lookah Seahorse Wax Pen 2.0,Vaporizers,59.99,,https://www.lookah.com/products/lookah-seahorse-wax-pen-2.0.html
VAPE-008,Lookah Seahorse Max Electric Nectar Collector,Vaporizers,159.99,,https://www.lookah.com/products/seahorse-max.html
VAPE-009,Lookah Seahorse King 3-in-1 Nectar Collector,Vaporizers,64.99,,https://www.lookah.com/products/seahorse-king.html
VAPE-010,Longmada Motar I Wax Atomizer,Vaporizers,39.99,,https://www.longmada.com/products/motar-1-wax-atomizer
VAPE-011,Longmada Motar 3 Coil-less Quartz Vape 510,Vaporizers,44.99,,https://www.longmada.com/products/motar-3-510-atomizer
VAPE-012,Longmada Motar I Replacement Coil 2-Pack,Vaporizers,12.99,,https://www.longmada.com/products/motar-coil
VAPE-013,Original Crossing Core 2.1 Portable Electric Dab Rig,Vaporizers,110.87,,https://www.dhgate.com/goods/896818189.html
VAPE-014,Electronic Dabtime Concentrate Pen,Vaporizers,7.51,,https://www.dhgate.com/goods/961505547.html
VAPE-015,MING Luna eRig - DabCool W2 Glass Bong with Enail,Vaporizers,76.47,,https://www.dhgate.com/goods/944844532.html
VAPE-016,Food-Grade E-Nail Coil Heater Kit (Volcane / 16mm),Vaporizers,84.98,,https://www.dhgate.com/goods/479144581.html
VAPE-017,E-Nail PID Digital Temperature Controller Kit,Vaporizers,67.30,,https://www.dhgate.com/goods/929952919.html
VAPE-018,Mini Touch Screen PID Digital Temperature Control Box,Vaporizers,76.39,,https://www.dhgate.com/goods/1109947041.html
VAPE-019,E-Nail Smart Family PID Heating Control Kit,Vaporizers,41.71,,https://www.dhgate.com/goods/978620837.html
VAPE-020,Dual E-Nail Box w/ LED Screen PID Controller,Vaporizers,56.05,,https://www.dhgate.com/goods/765353017.html
VAPE-021,W9 Tech Mini E-Nail Heating Controller,Vaporizers,20.71,,https://www.dhgate.com/goods/1101113618.html
VAPE-022,Wholesale E-Nail Dual Button Controller,Vaporizers,23.20,,https://www.dhgate.com/goods/1105395366.html
VAPE-023,Wholesale E-Nail Digital Controller 1PC,Vaporizers,45.82,,https://www.dhgate.com/goods/1108924769.html
VAPE-024,PID Temperature Controller Box w/ Heating Coil,Vaporizers,12.27,,https://www.dhgate.com/goods/1106362971.html
VAPE-025,E-Nail Digital PID Controller with Probe,Vaporizers,17.48,,https://www.dhgate.com/goods/1035284115.html
VAPE-026,E-Nail Heating Coil 16/30mm Flat Coil (replacement),Vaporizers,22.26,,https://www.dhgate.com/goods/978567118.html
VAPE-027,E-Nail Nichrome 10-Turn Coil 25/30mm,Vaporizers,22.88,,https://www.dhgate.com/goods/1111392112.html
VAPE-028,Bulk E-Nail Axial Heating Coil (wholesale),Vaporizers,35.27,,https://www.dhgate.com/goods/1111333063.html
VAPE-029,Quartz Banger 4mm Thick 45-Degree Bucket (10/14/18mm),Dab Tools,21.12,,https://www.dhgate.com/product/quartz-banger-4mm-thickness-45-degree-banger/390572499.html
VAPE-030,UFO Bucket Quartz Banger Opaque Bottom Beveled Edge (10/14mm 90deg),Dab Tools,12.67,,https://www.dhgate.com/product/ufo-bucket-quartz-banger-with-opaque-bottom/1064290216.html
VAPE-031,Big Bucket Quartz Banger 25mm OD Flat Top (10/14mm),Dab Tools,1.16,,https://www.dhgate.com/product/quartz-banger-clear-bottom-quartz/558883255.html
VAPE-032,14mm Quartz Banger 90-Degree Domeless (clear/frosted),Dab Tools,1.07,,https://www.dhgate.com/product/2mm-thick-quartz-banger-90-degree-domeless/414133534.html
VAPE-033,14mm Male Core Reactor Quartz Banger 25mm OD 90-Degree,Dab Tools,10.35,,https://www.dhgate.com/product/14mm-male-core-reactor-quartz-banger-90-degree/1108626170.html
VAPE-034,SmokPro 20mm Quartz Banger 4mm Thickness Flat Top Nail,Dab Tools,0.61,,https://www.dhgate.com/product/smokpro-20mm-quartz-banger-4mm-thickness/968114277.html
VAPE-035,Wholesale Quartz Banger Set w/ Removable Insert & Glass Carb Cap,Dab Tools,3.05,,https://www.dhgate.com/product/wholesale-10mm-14mm-18mm-male-female-quartz/1101474106.html
VAPE-036,Quartz Bucket Nail Set 25mm with Luminous Beads + Spinning Carb Cap,Dab Tools,3.45,,https://www.dhgate.com/product/100-quartz-dia-25mm-2mm-thick-joint-10-14/1091054603.html
VAPE-037,Beracky Glass UFO Spinning Carb Cap with 6mm Terp Pearls,Dab Tools,1.59,,https://www.dhgate.com/product/6mm-quartz-dab-terp-pearls-with-glass-bubble/419655746.html
VAPE-038,Dual Directional Glass Carb Cap Spinner for 25mm Banger,Dab Tools,1.04,,https://www.dhgate.com/product/dual-directional-glass-carb-cap-spinner-cap/426601180.html
VAPE-039,UFO Cyclone Spinner Glass Vortex Carb Cap + 6mm Terp Pearls,Dab Tools,2.40,,https://www.dhgate.com/product/ufo-cyclone-spinner-glass-vortex-carb-cap/1087441649.html
VAPE-040,"Quartz Spinner Banger Set w/ Terp Pearl, Carb Cap & Cones 14mm",Dab Tools,6.04,,https://www.dhgate.com/product/set-of-2-xxl-quartz-thermal-banger-ball-carb/393964598.html
VAPE-041,Quartz Banger Nail Kit w/ Spinning Carb Cap + 2pcs Terp Pearls,Dab Tools,1.43,,https://www.dhgate.com/product/2019-new-quartz-banger-nail-with-spinning/489157742.html
VAPE-042,25mm Quartz Banger w/ Spinning Carb Cap & Terp Pearl Set,Dab Tools,1.74,,https://www.dhgate.com/product/quartz-banger-nail-od-25mm-with-spinning/489072928.html
VAPE-043,25mm GTR 6-Hole Banger Nail w/ Ruby Terp Pearls & Big Cart Cap,Dab Tools,5.82,,https://www.dhgate.com/product/new-25mm-xl-quartz-banger-6-holes-gtr-bubble/433537041.html
VAPE-044,Dual Tip Stainless Steel Dabber 5-Pc Kit w/ Silicone Container,Dab Tools,6.39,,https://www.dhgate.com/goods/1108985921.html
VAPE-045,Dual Head Stainless Steel Dabber Set,Dab Tools,0.77,,https://www.dhgate.com/goods/1108980512.html
VAPE-046,Stainless Steel Round Flask Wax Dab Tool,Dab Tools,0.40,,https://www.dhgate.com/goods/937915541.html
VAPE-047,Stainless Steel Flat Nail Dabber Tool,Dab Tools,0.16,,https://www.dhgate.com/goods/13004454.html
VAPE-048,Spade Spoont Dab Tool Stainless,Dab Tools,0.20,,https://www.dhgate.com/goods/1080300971.html
VAPE-049,Wholesale Steel Dabbing Tool,Dab Tools,0.15,,https://www.dhgate.com/goods/936589196.html
VAPE-050,Silicone Tipped 2-in-1 Dabbing Tool,Dab Tools,1.00,,https://www.dhgate.com/goods/897759627.html
VAPE-051,Titanium Dab Tool Butterfly Claw,Dab Tools,18.10,,https://www.dhgate.com/goods/532850460.html
VAPE-052,B02 Stick Dab Tool,Dab Tools,0.40,,https://www.dhgate.com/goods/928508040.html
VAPE-053,Stainless Acupoint Dab Dog Tool,Dab Tools,0.56,,https://www.dhgate.com/goods/1108648163.html
VAPE-054,Lookah 5-Pack Metal Dab Tool Kit with Silicon Handle,Dab Tools,25.99,,https://www.lookah.com/products/dab-tool-kit.html
VAPE-055,Wholesale Multi Steeless Dab Trinkle Tool,Dab Tools,1.67,,https://www.dhgate.com/goods/1116611410.html
VAPE-056,Rainbow Silver Stainless Steel Dab Tool Set (5 styles),Dab Tools,1.71,,https://www.dhgate.com/product/rainbow-silver-wax-dab-tool-smoking-5-types/759412209.html
VAPE-057,Wax Dabber Tools Stainless Steel Spoon Scoop (115mm),Dab Tools,0.64,,https://www.dhgate.com/product/wax-dabber-tools-atomizer-tank-stainless/1108641851.html
VAPE-058,120mm Wax Carving Dabber Tool with Silicone Tips,Dab Tools,0.52,,https://www.dhgate.com/product/120mm-wax-carving-dab-tool-stainless-steel/587958988.html
VAPE-059,"120mm Wax Carving Dab Tool Kit (Silicone Tip, Tube)",Dab Tools,0.69,,https://www.dhgate.com/product/top-sale-120mm-wax-carving-dab-tool-with/407677634.html
VAPE-060,Full Weld Quartz Sandblast Banger Kit 14mm,Dab Tools,9.01,,https://www.dhgate.com/product/full-weld-sandblasted-charmer-quartz-banger/866644631.html
VAPE-061,20mm Quartz Slugger Terp Slurper (240-122),Dab Tools,8.15,,https://www.dhgate.com/goods/852081380.html
VAPE-062,Quartz Terp Pearls 6mm Set w/ Carb Cap,Dab Tools,4.20,,https://www.dhgate.com/goods/422332702.html
VAPE-063,Quartz Banger + Carb Cap + Veturn Monkey Combo,Dab Tools,24.99,,https://quartzbangers.com/products/7mm-extra-thick-quartz-banger
VAPE-064,Jane West 10mm Nail Compatible Quartz Disc,Dab Tools,29.99,,https://www.janewestshop.com/products/quartz
VAPE-065,Complete Quartz Banger Kit with Cleaning,Dab Tools,39.99,,https://www.brooklynherb.nyc/products/complete-quartz-bang
VAPE-066,Terp Slurper Quartz Banger Set (TAD),Dab Tools,34.99,,https://www.theterped.xyz/products/terp-slurper
VAPE-067,Vortex Mini Quartz Banger Kit,Dab Tools,19.99,,https://dabberdutt.com/products/vortex-mini-banger-kit
VAPE-068,Blue Bell Quartz Banger w/ Spinner Cap,Dab Tools,19.99,,https://dabberdutt.com/products/blue-bell-qtt-banger
VAPE-069,Titanium + Hybrid Quartz Spinner Cap Kit,Dab Tools,24.99,,https://dabberdutt.com/products/titanium-hybrid-buycap-kit
VAPE-070,Sparse Bubble SiC Inserts & Carb Cap Kit,Dab Tools,29.99,,https://dabberdutt.com/products/bubble-sic-carb-cap-kit
VAPE-071,Wholesale 14mm-18mm Glass Reclaim Catcher with Sexy,Dab Tools,9.02,,https://www.dhgate.com/product/14mm-45-90-degree-glass-reclaim-catcher-dry/913646089.html
VAPE-072,Premium Glass Reclaim Catcher Adapter Set,Dab Tools,1.75,,https://www.dhgate.com/goods/741496678.html
VAPE-073,Beracky 14mm-18mm Reclaim Catcher Adapter,Dab Tools,1.88,,https://www.dhgate.com/goods/497809924.html
VAPE-074,2016 Glass Bong Adapter Drop Down Female Reclaim,Dab Tools,1.93,,https://www.dhgate.com/goods/374487473.html
VAPE-075,14mm/18mm Male-Female Glass Ash Catcher w/ Silicone,Dab Tools,4.11,,https://www.dhgate.com/goods/503341826.html
VAPE-076,Glass Drop Down Adapters 3-Joint Reclaim,Dab Tools,3.10,,https://www.dhgate.com/goods/402840752.html
VAPE-077,Premium Glass Reclaim Adapter (Set A),Dab Tools,2.15,,https://www.dhgate.com/goods/398010504.html
VAPE-078,Premium Glass Reclaim Adapter (Set B),Dab Tools,1.92,,https://www.dhgate.com/goods/398010528.html
VAPE-079,Dropdown Reclaimer fits 14mm-18mm,Dab Tools,3.77,,https://www.dhgate.com/goods/248123432.html
VAPE-080,Colorful Glass Reclaim Catchers fully painted,Dab Tools,2.82,,https://www.dhgate.com/goods/754835995.html
VAPE-081,H-Shape Bent Double Reclaim Catacher Adapter,Dab Tools,1.76,,https://www.dhgate.com/goods/396081548.html
VAPE-082,Glass Honey Dab Straw Nectar Collector 7in,Dab Tools,12.02,,https://www.dhgate.com/product/glass-honey-dab-straw-nectar-collector-hookah/484288505.html
VAPE-083,5-Inch Glass Nectar Collector Kit,Dab Tools,3.57,,https://www.dhgate.com/goods/879790366.html
VAPE-084,Mini Nectar Collector Hookah Straw Kit,Dab Tools,19.33,,https://www.dhgate.com/goods/744315926.html
VAPE-085,Water Recycle Nectar Dab Kit,Dab Tools,3.64,,https://www.dhgate.com/goods/852943400.html
VAPE-086,2024 Quartz Nail Dab Straw Kit,Dab Tools,1.37,,https://www.dhgate.com/goods/714952061.html
VAPE-087,DPQT001 Notated Concentrate Straw,Dab Tools,1.38,,https://www.dhgate.com/goods/763720204.html
VAPE-088,Glass Honey Straw Dab Collector Titanium Tip,Dab Tools,17.99,,https://dailyhighclub.com/products/glass-honey-straw
VAPE-089,Full Weld Glass Nectar Collector Thick Tip,Dab Tools,12.99,,https://dailyhighclub.com/products/glass-nectar-collector
VAPE-090,Glass Honey Dab Straw with Quartz Tip,Dab Tools,8.99,,https://dailyhighclub.com/products/honey-straw
VAPE-091,Silicone Non-Stick Dabbing Mat,Accessories,7.17,,https://www.dhgate.com/goods/889585758.html
VAPE-092,Silicone Wax Container 3ml (32x15mm),Accessories,0.37,,https://www.dhgate.com/goods/412615130.html
VAPE-093,Silicone Wax Container 4g with Slant Lip,Accessories,0.75,,https://www.dhgate.com/goods/377782779.html
VAPE-094,Silicone Jar 5ml Glass Slap Color,Accessories,1.06,,https://www.dhgate.com/goods/925449935.html
VAPE-095,Silicone Jar 8ml sliver,Accessories,0.19,,https://www.dhgate.com/goods/845755716.html
VAPE-096,Large Amber Mini Glass Jar with Screw Cap,Accessories,5.92,,https://www.dhgate.com/goods/411104685.html
VAPE-097,Glass Slap Mini Jar 2.8ml,Accessories,0.35,,https://www.dhgate.com/goods/975917601.html
VAPE-098,Silicone Wax Jar FlexDeca,Accessories,0.24,,https://www.dhgate.com/goods/709544659.html
VAPE-099,Silicone Wax Container 3mLI mini,Accessories,1.03,,https://www.dhgate.com/goods/491692429.html
VAPE-100,Silicone Jar Wax Container Assorted,Accessories,0.64,,https://www.dhgate.com/goods/1108648073.html
VAPE-101,Silicone Wax Slap Jars Multi-Color 5,Accessories,0.82,,https://www.dhgate.com/goods/1007182279.html
VAPE-102,Silicone Storage Wax Insect Jars,Accessories,2.71,,https://www.dhgate.com/goods/1077299683.html
VAPE-103,Silicone Wax Bin Container round,Accessories,0.37,,https://www.dhgate.com/goods/413306720.html
VAPE-104,Silicone Wax Bucket with Graduated Rings,Accessories,3.23,,https://www.dhgate.com/goods/380709332.html
VAPE-105,Silicone Container Set of smash,Accessories,1.14,,https://www.dhgate.com/goods/388294323.html
VAPE-106,100pc Silicone Wax Container Jars 3ml Round Non-Stick,Accessories,0.72,,https://www.dhgate.com/goods/413036470.html
VAPE-107,Premium Nonstick Silicone Wax Jars 2-7ml (Storage Set),Accessories,0.31,,https://www.dhgate.com/goods/391389025.html
VAPE-108,10 Types Silicone Wax Containers 3-22ml (Assorted),Accessories,0.41,,https://www.dhgate.com/goods/1113869465.html
VAPE-109,Wholesale 6ml Silicone Concentrate Jar with Acrylic Cover,Accessories,1.21,,https://www.dhgate.com/goods/904256507.html
VAPE-110,Top Selling 3ml Non-Stick Silicone Wax Container 32x15mm,Accessories,0.72,,https://www.dhgate.com/product/top-selling-3ml-non-stick-silicone-wax-container/388125457.html
VAPE-111,Yocan UNI Pro Magnetic Ring Adapter 5-Pack,Accessories,0.52,,https://www.dhgate.com/goods/923059576.html
VAPE-112,100pcs 510 Magnetic 510 Adapter Universal,Accessories,0.62,,https://www.dhgate.com/goods/1108782203.html
VAPE-113,Yocan Green Styling Air Filter,Accessories,11.71,,https://www.dhgate.com/goods/1086732368.html
VAPE-114,Puffco Peak Glass Dry Top Dual Hourglass,Accessories,9.57,,https://www.dhgate.com/goods/1040124497.html
VAPE-115,Yocan Orbit Replacement Coil,Accessories,11.99,,https://www.yocanusa.com/products/yocan-orbit-replacement-coil
VAPE-116,Yocan Orbit Replacement Coils (5-Pack),Accessories,29.95,,https://optimalvapors.com/yocan-orbit-replacement-coils/
VAPE-117,Lookah Seahorse Coil I Replacement 5-Pack (510 Quartz Tip),Accessories,29.99,,https://www.lookah.com/vaporizers/dab-pen-and-wax-pen/seahorse-coil.html
VAPE-118,Lookah Seahorse Coil II Replacement 5-Pack (Ceramic Rod),Accessories,29.99,,https://www.lookah.com/vaporizers/dab-pen-and-wax-pen/lookah-seahorse-coil-the-second-generation.html
VAPE-119,Lookah Seahorse Coil V 4-Pack (See-Through Quartz Tube),Accessories,29.99,,https://www.lookah.com/vaporizers/dab-pen-and-wax-pen/lookah-seahorse-coil.html
VAPE-120,Lookah Seahorse Coil I 5-Pack (Quartz),Accessories,19.99,,https://prismsmokeshop.com/products/lookah-seahorse-coil-i-5-pack
VAPE-121,Lookah Seahorse Coils 5-Pack (Quartz/Ceramic),Accessories,28.49,,https://www.buydeltas.com/product/lookah-seahorse-coils-5pk/
VAPE-122,Lookah Seahorse Coil Quartz 5-Pack,Accessories,28.99,,https://www.themushroomnola.com/lookah-seahorse-coil-quartz-5-pack.html
VAPE-123,Lookah Seahorse Replacement Coils 5-Pack,Accessories,24.49,,https://fireandlight.com/shop/lookah-seahorse-replacement-coils/
