sku,imageUrl
MARLB-RED-1C,
MARLB-GOLD-1C,
CAMEL-CRUSH-1C,
NWPT-MNTHL-1C,
SWISH-RILLO-BX,
BLKMLD-JAZZ-BX,
BLKMLD-WIN-BX,
GEEK-MELO-MAX,
GEEK-RAZ-25000,
JUICE-MNG-ICE-60ML,
JUICE-WTRM-100ML,
ZYN-CLR-6MG-PCH,
ZYN-PEP-3MG-PCH,
VELO-CRB-4MG-PCH,
ROOR-STRAIGHT-14,
GRAV-STRAIGHT-12,
GRAV-OILBURNER,
CALIBEAR-BEAKER,
ROOR-BUBBLER,
PUFFCO-PEAK,
YOCAN-UNI,
YOCAN-EVOLVE,
CALIBEAR-E-NAIL,
SCS-4PC-60,
SCS-2PC-50,
BLAZER-GB200,
TRIPLEFLM-TORCH,
BUTANE-12CT,
NOV-GLOW-JAR,
NOV-PLUSH,
NOV-PUZZLE,
CLTH-TCKT-TEE,
CLTH-HOODIE,
BEAUTY-NYX-LIP,
BEAUTY-SLEEP,
MNSTR-ORIG-24,
RDBLL-SF-12,
COKE-12OZ-24,
DORITOS-CRN-40,
REESE-CUP-36,
CANDY-AST-50,
CAM-GOPRO-HERO,
SPKR-JBL-FLIP,
REFURB-ECHO-10,
REFURB-TAB-10,
REFURB-BT-HP,
GEN-LTGAS-12,
GEN-TISSUE-24,
RAW-CN-1.25-100,
ZIPPO-BLK-MTL,
RAW-TRAY-MED,
